index,target
0,10000.23
1,34223.95
2,14892.14592982922
3,13892.14922
4,8902.14822
5,23176.908663
6,3312.9925